Sex,Age group,Jan-15,Feb-15,Mar-15,Apr-15,May-15,Jun-15,Jul-15,Aug-15,Sep-15,Oct-15,Nov-15,Dec-15,Jan-16,Feb-16,Mar-16,Apr-16,May-16,Jun-16,Jul-16,Aug-16,Sep-16,Oct-16,Nov-16,Dec-16,Jan-17,Feb-17,Mar-17,Apr-17,May-17,Jun-17,Jul-17,Aug-17,Sep-17,Oct-17,Nov-17,Dec-17,Jan-18,Feb-18,Mar-18,Apr-18,May-18,Jun-18,Jul-18,Aug-18,Sep-18,Oct-18,Nov-18,Dec-18,Jan-19,Feb-19,Mar-19,Apr-19,May-19,Jun-19,Jul-19,Aug-19,Sep-19,Oct-19,Nov-19,Dec-19,Jan-20,Feb-20
Both sexes,15 years and over,"17,540.00","17,582.00","17,574.00","17,697.90","18,110.50","18,314.60","18,240.30","18,228.80","18,068.70","18,094.30","17,993.20","17,915.00","17,661.90","17,697.10","17,726.60","17,824.20","18,258.70","18,410.60","18,301.60","18,296.60","18,212.10","18,256.70","18,179.70","18,133.00","17,956.10","17,992.80","18,018.30","18,097.00","18,575.00","18,769.30","18,698.80","18,675.20","18,524.80","18,562.00","18,567.10","18,560.40","18,231.30","18,273.60","18,317.40","18,417.70","18,785.10","18,978.80","18,933.90","18,839.10","18,753.90","18,771.20","18,820.10","18,768.30","18,569.80","18,662.00","18,664.70","18,852.40","19,237.90","19,392.90","19,283.80","19,317.90","19,248.80","19,238.80","19,103.30","19,096.40","18,838.60","18,917.10"
Both sexes,15 to 24 years,"2,318.60","2,324.00","2,329.60","2,335.70","2,560.80","2,676.30","2,816.50","2,778.40","2,387.90","2,405.20","2,367.80","2,358.40","2,271.30","2,267.80","2,280.20","2,287.70","2,504.80","2,618.00","2,733.40","2,709.20","2,350.60","2,392.30","2,362.00","2,371.60","2,277.30","2,276.40","2,285.70","2,292.60","2,564.90","2,662.90","2,819.80","2,733.90","2,357.60","2,401.20","2,417.80","2,410.00","2,293.70","2,288.80","2,322.50","2,311.80","2,538.10","2,652.60","2,813.80","2,758.10","2,363.90","2,357.30","2,361.60","2,340.70","2,300.50","2,336.20","2,354.30","2,405.70","2,601.90","2,708.10","2,849.30","2,845.30","2,447.50","2,461.10","2,444.90","2,446.00","2,359.50","2,398.10"
Both sexes,25 years and over,"15,221.30","15,258.00","15,244.40","15,362.30","15,549.60","15,638.30","15,423.70","15,450.40","15,680.80","15,689.10","15,625.40","15,556.60","15,390.60","15,429.30","15,446.40","15,536.50","15,753.90","15,792.60","15,568.20","15,587.40","15,861.50","15,864.40","15,817.80","15,761.50","15,678.80","15,716.40","15,732.60","15,804.40","16,010.20","16,106.40","15,879.00","15,941.30","16,167.10","16,160.80","16,149.30","16,150.40","15,937.70","15,984.80","15,994.90","16,105.90","16,246.90","16,326.20","16,120.20","16,081.00","16,389.90","16,413.90","16,458.50","16,427.60","16,269.30","16,325.80","16,310.40","16,446.60","16,636.00","16,684.80","16,434.50","16,472.60","16,801.40","16,777.70","16,658.50","16,650.40","16,479.00","16,519.00"
Both sexes,25 to 44 years,"7,627.20","7,618.30","7,590.80","7,667.10","7,775.20","7,806.50","7,716.80","7,733.50","7,807.30","7,791.80","7,797.40","7,788.60","7,690.90","7,658.10","7,705.30","7,762.00","7,872.00","7,897.40","7,825.50","7,837.60","7,938.00","7,949.90","7,943.20","7,935.10","7,911.80","7,931.00","7,957.50","7,981.80","8,086.30","8,115.20","7,999.60","7,997.40","8,062.90","8,076.60","8,082.90","8,093.10","8,012.90","8,039.80","8,068.50","8,138.10","8,221.20","8,288.30","8,209.90","8,199.10","8,325.30","8,333.00","8,372.50","8,349.30","8,268.10","8,295.60","8,254.00","8,327.40","8,421.50","8,452.90","8,334.00","8,351.30","8,504.40","8,522.40","8,490.80","8,498.80","8,419.80","8,438.60"
Both sexes,45 to 64 years,"6,908.30","6,960.30","6,985.50","7,009.60","7,082.70","7,131.80","7,026.20","7,018.80","7,147.50","7,129.50","7,076.10","7,028.60","6,972.30","7,020.80","7,003.10","7,054.90","7,155.40","7,149.90","6,998.90","7,011.70","7,151.40","7,148.30","7,109.90","7,054.80","7,015.10","7,015.10","7,014.50","7,054.60","7,138.80","7,194.60","7,081.80","7,137.70","7,261.50","7,251.30","7,239.50","7,225.50","7,084.20","7,119.40","7,110.10","7,137.10","7,186.40","7,210.60","7,110.70","7,109.90","7,252.90","7,259.90","7,253.70","7,227.60","7,120.30","7,132.70","7,145.90","7,206.70","7,302.30","7,330.70","7,229.10","7,222.20","7,379.00","7,308.80","7,257.40","7,219.70","7,141.20","7,166.50"
Both sexes,45 years and over,"7,594.20","7,639.70","7,653.70","7,695.10","7,774.40","7,831.80","7,706.90","7,717.00","7,873.60","7,897.30","7,828.00","7,768.00","7,699.70","7,771.10","7,741.10","7,774.50","7,881.90","7,895.10","7,742.60","7,749.80","7,923.50","7,914.50","7,874.60","7,826.40","7,767.00","7,785.40","7,775.10","7,822.60","7,923.80","7,991.20","7,879.40","7,943.80","8,104.20","8,084.20","8,066.40","8,057.20","7,924.80","7,945.00","7,926.50","7,967.80","8,025.70","8,037.90","7,910.30","7,881.90","8,064.70","8,081.00","8,086.00","8,078.30","8,001.20","8,030.20","8,056.40","8,119.20","8,214.50","8,231.90","8,100.50","8,121.30","8,297.00","8,255.30","8,167.60","8,151.60","8,059.30","8,080.40"
Both sexes,25 to 54 years,"11,747.40","11,745.80","11,720.60","11,804.50","11,941.50","11,992.90","11,865.00","11,860.60","12,006.00","11,969.60","11,944.40","11,871.80","11,751.30","11,742.90","11,768.40","11,855.80","11,986.20","12,016.50","11,861.30","11,858.70","12,003.90","12,005.80","12,006.70","11,967.90","11,919.20","11,913.00","11,956.50","11,994.90","12,149.60","12,202.20","12,033.00","12,042.70","12,159.30","12,163.60","12,152.00","12,134.70","11,994.20","12,030.40","12,044.20","12,141.70","12,216.30","12,278.00","12,145.90","12,132.60","12,325.50","12,335.30","12,370.40","12,339.40","12,232.00","12,264.50","12,225.70","12,317.80","12,464.30","12,480.30","12,320.00","12,328.60","12,561.10","12,501.90","12,445.80","12,443.40","12,317.90","12,344.90"
Both sexes,55 years and over,"3,473.90","3,512.20","3,523.80","3,557.80","3,608.20","3,645.40","3,558.70","3,589.90","3,674.90","3,719.50","3,681.00","3,684.80","3,639.30","3,686.40","3,678.00","3,680.70","3,767.70","3,776.10","3,706.90","3,728.60","3,857.60","3,858.70","3,811.00","3,793.60","3,759.60","3,803.50","3,776.10","3,809.50","3,860.60","3,904.20","3,846.00","3,898.50","4,007.80","3,997.30","3,997.40","4,015.70","3,943.50","3,954.40","3,950.70","3,964.20","4,030.70","4,048.20","3,974.30","3,948.40","4,064.40","4,078.70","4,088.10","4,088.20","4,037.30","4,061.30","4,084.70","4,128.80","4,171.60","4,204.40","4,114.60","4,144.00","4,240.30","4,275.80","4,212.70","4,207.00","4,161.20","4,174.10"
Both sexes,15 to 64 years,"16,854.10","16,902.60","16,905.80","17,012.40","17,418.80","17,614.60","17,559.50","17,530.60","17,342.60","17,326.50","17,241.30","17,175.60","16,934.50","16,946.70","16,988.60","17,104.60","17,532.20","17,665.30","17,557.90","17,558.50","17,440.10","17,490.50","17,415.00","17,361.50","17,204.20","17,222.50","17,257.70","17,329.00","17,790.00","17,972.70","17,901.20","17,869.00","17,682.00","17,729.10","17,740.20","17,728.70","17,390.70","17,448.10","17,501.10","17,587.00","17,945.80","18,151.60","18,134.40","18,067.00","17,942.20","17,950.20","17,987.80","17,917.60","17,689.00","17,764.50","17,754.20","17,939.80","18,325.70","18,491.70","18,412.40","18,418.80","18,330.80","18,292.30","18,193.10","18,164.50","17,920.50","18,003.20"
Both sexes,15 to 19 years,769.2,781.8,763.4,750.2,848.4,896.2,"1,002.60",984.6,805.3,808.4,786.4,776.9,757,752.9,757.3,741.2,837.6,878.4,979.1,954.3,741.4,756.7,760.2,758.7,739.3,733.1,740,750.8,856,892.6,"1,027.60",978,775.4,789.6,793.1,819.7,763.1,762.6,770.4,773.3,867.9,902.2,"1,026.60",982.1,788.5,777.3,785.6,798.8,791.7,802.7,783.1,802.7,857.7,912.4,"1,055.90","1,038.90",816.8,814.5,791.8,811.1,778.6,790.8
Both sexes,20 to 24 years,"1,549.40","1,542.30","1,566.20","1,585.40","1,712.40","1,780.10","1,813.90","1,793.80","1,582.60","1,596.80","1,581.50","1,581.50","1,514.20","1,514.90","1,523.00","1,546.50","1,667.20","1,739.60","1,754.30","1,754.90","1,609.20","1,635.60","1,601.80","1,612.80","1,538.00","1,543.30","1,545.70","1,541.80","1,708.90","1,770.30","1,792.20","1,756.00","1,582.30","1,611.60","1,624.60","1,590.30","1,530.60","1,526.20","1,552.10","1,538.50","1,670.20","1,750.40","1,787.10","1,775.90","1,575.40","1,580.00","1,576.00","1,541.90","1,508.80","1,533.50","1,571.20","1,603.00","1,744.20","1,795.70","1,793.40","1,806.40","1,630.70","1,646.50","1,653.00","1,634.90","1,580.90","1,607.30"
Both sexes,25 to 29 years,"1,834.30","1,831.50","1,809.70","1,858.20","1,917.50","1,937.80","1,916.70","1,932.80","1,935.30","1,897.50","1,884.60","1,878.00","1,853.80","1,856.80","1,902.10","1,917.40","1,962.20","1,989.50","1,960.90","1,952.00","1,973.20","1,951.20","1,946.70","1,940.90","1,919.40","1,920.10","1,937.70","1,961.50","2,009.50","2,029.00","2,001.60","2,009.20","2,004.70","2,003.90","2,008.00","2,002.60","1,995.40","2,009.90","2,012.80","2,049.80","2,062.00","2,099.70","2,103.70","2,084.30","2,087.40","2,088.00","2,113.90","2,105.60","2,083.50","2,079.90","2,068.60","2,092.00","2,128.40","2,121.00","2,106.30","2,127.40","2,140.50","2,135.90","2,113.00","2,134.10","2,076.60","2,082.60"
Both sexes,30 to 34 years,"1,979.70","1,966.80","1,969.50","1,983.60","2,009.10","2,002.00","1,974.40","1,970.50","2,004.00","2,012.00","2,017.10","2,005.50","1,987.50","1,975.20","1,968.50","1,989.70","2,032.60","2,027.00","2,015.40","2,017.30","2,034.30","2,031.40","2,030.30","2,049.30","2,040.00","2,057.70","2,060.40","2,047.50","2,071.10","2,082.30","2,049.50","2,036.00","2,067.20","2,069.70","2,071.40","2,074.40","2,044.60","2,032.70","2,033.10","2,036.80","2,072.30","2,083.20","2,060.40","2,058.80","2,109.60","2,110.10","2,110.30","2,108.50","2,075.40","2,074.80","2,059.50","2,090.90","2,116.60","2,129.90","2,105.70","2,105.10","2,145.50","2,152.40","2,146.70","2,150.40","2,136.30","2,149.10"
Both sexes,35 to 39 years,"1,889.70","1,902.20","1,892.70","1,904.00","1,938.60","1,960.40","1,924.70","1,922.30","1,955.70","1,957.20","1,927.30","1,918.90","1,911.90","1,895.90","1,874.30","1,916.40","1,918.70","1,944.90","1,935.10","1,962.10","2,021.30","2,035.60","2,038.80","2,018.00","2,023.20","1,990.30","1,983.50","1,976.60","2,017.40","2,035.50","2,004.10","1,991.90","2,016.50","2,027.50","2,039.20","2,019.90","2,015.60","2,037.30","2,056.30","2,068.50","2,066.90","2,077.00","2,044.60","2,052.40","2,075.90","2,070.40","2,096.20","2,098.20","2,103.50","2,132.10","2,090.90","2,081.50","2,115.00","2,115.90","2,087.30","2,083.20","2,132.40","2,133.50","2,149.60","2,156.10","2,132.00","2,155.60"
Both sexes,40 to 44 years,"1,923.50","1,917.80","1,918.90","1,921.40","1,910.00","1,906.20","1,901.00","1,907.80","1,912.40","1,925.10","1,968.30","1,986.20","1,937.70","1,930.20","1,960.40","1,938.50","1,958.40","1,936.00","1,914.10","1,906.20","1,909.30","1,931.70","1,927.40","1,926.90","1,929.20","1,962.90","1,975.90","1,996.30","1,988.30","1,968.40","1,944.40","1,960.30","1,974.40","1,975.40","1,964.30","1,996.20","1,957.40","1,960.00","1,966.20","1,982.90","2,020.00","2,028.40","2,001.10","2,003.50","2,052.40","2,064.50","2,052.20","2,036.90","2,005.70","2,008.80","2,035.00","2,063.10","2,061.50","2,086.10","2,034.80","2,035.70","2,086.00","2,100.50","2,081.50","2,058.30","2,074.90","2,051.30"
Both sexes,45 to 49 years,"1,962.30","1,973.10","1,957.80","1,960.60","1,987.30","1,972.20","1,945.40","1,911.40","1,971.90","1,984.40","1,978.80","1,957.50","1,959.30","1,973.00","1,943.80","1,944.10","1,953.10","1,960.00","1,921.50","1,896.50","1,918.80","1,922.60","1,898.70","1,898.20","1,899.10","1,908.00","1,930.00","1,922.50","1,948.20","1,943.80","1,920.10","1,907.30","1,906.10","1,936.00","1,948.40","1,929.00","1,892.50","1,899.10","1,894.00","1,906.50","1,919.70","1,917.50","1,914.50","1,893.60","1,926.30","1,914.20","1,937.50","1,944.00","1,933.50","1,940.30","1,962.70","1,986.60","2,000.50","2,008.30","1,997.10","1,970.60","2,007.20","1,955.60","1,954.70","1,964.80","1,938.30","1,925.60"
Both sexes,50 to 54 years,"2,158.00","2,154.30","2,172.00","2,176.80","2,178.90","2,214.20","2,202.80","2,215.70","2,226.80","2,193.40","2,168.20","2,125.60","2,101.10","2,111.70","2,119.30","2,149.70","2,161.10","2,159.10","2,114.20","2,124.70","2,147.10","2,133.20","2,164.90","2,134.60","2,108.30","2,073.90","2,068.90","2,090.70","2,115.00","2,143.10","2,113.30","2,138.00","2,190.30","2,151.00","2,120.60","2,112.50","2,088.90","2,091.40","2,081.80","2,097.10","2,075.30","2,072.20","2,021.50","2,039.90","2,073.90","2,088.10","2,060.40","2,046.10","2,030.40","2,028.60","2,009.00","2,003.80","2,042.30","2,019.10","1,988.90","2,006.70","2,049.50","2,023.90","2,000.30","1,979.80","1,959.80","1,980.70"
Both sexes,55 to 59 years,"1,738.50","1,765.80","1,773.20","1,780.30","1,800.70","1,815.60","1,773.90","1,773.30","1,797.70","1,803.90","1,793.10","1,808.30","1,785.40","1,809.70","1,812.90","1,835.60","1,875.60","1,868.60","1,831.10","1,838.20","1,888.60","1,891.90","1,880.90","1,857.30","1,861.70","1,868.50","1,856.30","1,856.60","1,878.50","1,893.10","1,862.20","1,880.40","1,921.90","1,939.20","1,935.80","1,931.60","1,880.70","1,889.90","1,874.10","1,878.50","1,914.80","1,929.40","1,897.70","1,904.20","1,948.90","1,947.60","1,945.00","1,930.10","1,903.30","1,913.50","1,899.00","1,931.20","1,952.00","1,969.90","1,932.60","1,926.20","1,955.00","1,963.00","1,938.90","1,916.10","1,901.10","1,916.50"
Both sexes,60 to 64 years,"1,049.50","1,067.00","1,082.40","1,092.00","1,115.80","1,129.80","1,104.00","1,118.40","1,151.00","1,147.90","1,136.00","1,137.10","1,126.50","1,126.30","1,127.10","1,125.50","1,165.60","1,162.20","1,132.00","1,152.20","1,196.90","1,200.50","1,165.50","1,164.80","1,146.00","1,164.60","1,159.30","1,184.90","1,197.10","1,214.60","1,186.20","1,211.90","1,243.20","1,225.20","1,234.70","1,252.50","1,222.10","1,239.00","1,260.30","1,254.90","1,276.60","1,291.60","1,277.00","1,272.20","1,303.70","1,310.00","1,310.80","1,307.40","1,253.20","1,250.30","1,275.20","1,285.10","1,307.50","1,333.30","1,310.50","1,318.70","1,367.40","1,366.30","1,363.50","1,359.00","1,342.00","1,343.70"
Both sexes,65 years and over,685.9,679.4,668.2,685.5,691.7,700,680.7,698.2,726.1,767.7,751.9,739.4,727.4,750.4,738,719.5,726.5,745.2,743.7,738.1,772.1,766.2,764.7,771.5,751.9,770.4,760.6,768,785,796.6,797.7,806.2,842.7,832.9,826.9,831.7,840.6,825.6,816.3,830.8,839.3,827.3,799.6,772.1,811.7,821.1,832.3,850.7,880.9,897.5,910.5,912.5,912.2,901.2,871.4,899.1,918,946.5,910.3,931.9,918,913.9
Both sexes,65 to 69 years,445.1,445.7,440.4,451.4,461.2,462.7,441.6,455.3,476.7,501.5,490,480.5,471.4,494.2,477.2,465.5,476.1,486.9,473.5,469.5,494.9,502.4,494.4,496.6,481.3,489.2,492.3,499,505.8,513.7,509.8,516.7,528.3,517.7,512.8,511.2,512.7,495.9,485.9,494.2,510.6,516.8,500.8,478.6,507.9,515.6,518.5,525.5,538.9,553.1,565.7,572,578.8,570.4,550.6,565,578.6,591.2,559.3,580.6,572,566.9
Both sexes,70 years and over,240.8,233.7,227.8,234.1,230.5,237.2,239.1,242.9,249.4,266.2,261.9,258.9,256,256.1,260.8,254,250.4,258.3,270.2,268.6,277.2,263.8,270.3,274.9,270.6,281.2,268.2,269,279.2,282.8,287.9,289.5,314.4,315.2,314.1,320.5,327.9,329.7,330.5,336.6,328.7,310.5,298.8,293.5,303.8,305.5,313.8,325.2,341.9,344.5,344.8,340.5,333.4,330.8,320.8,334.1,339.4,355.2,351,351.4,346.1,347
Males,15 years and over,"9,129.40","9,140.40","9,121.90","9,215.00","9,507.20","9,660.10","9,706.70","9,720.70","9,554.70","9,532.50","9,443.00","9,341.10","9,172.70","9,184.50","9,177.60","9,250.40","9,557.60","9,633.90","9,661.80","9,689.90","9,577.80","9,579.70","9,523.90","9,451.00","9,319.60","9,346.20","9,362.90","9,410.20","9,724.80","9,834.00","9,881.90","9,903.90","9,729.20","9,728.40","9,719.00","9,665.70","9,479.40","9,500.80","9,534.50","9,564.60","9,831.40","9,955.50","9,991.50","9,954.40","9,851.90","9,823.90","9,843.90","9,766.10","9,651.90","9,687.00","9,730.40","9,827.10","10,081.20","10,179.70","10,235.70","10,261.80","10,133.20","10,092.00","9,994.60","9,958.80","9,811.80","9,870.10"
Males,15 to 24 years,"1,146.70","1,148.10","1,150.30","1,153.60","1,303.00","1,357.30","1,426.00","1,415.20","1,199.40","1,187.20","1,175.40","1,160.10","1,124.30","1,114.40","1,111.40","1,121.70","1,271.20","1,307.70","1,370.60","1,380.80","1,196.10","1,213.00","1,187.20","1,186.20","1,124.60","1,141.10","1,137.90","1,137.10","1,287.30","1,347.50","1,421.40","1,405.40","1,202.80","1,212.30","1,223.80","1,203.70","1,143.90","1,142.40","1,164.20","1,154.10","1,296.80","1,353.90","1,430.30","1,408.10","1,211.80","1,190.60","1,200.40","1,177.60","1,154.30","1,171.10","1,184.60","1,217.50","1,314.70","1,373.10","1,449.00","1,437.60","1,230.10","1,229.40","1,222.30","1,214.50","1,169.40","1,193.30"
Males,25 years and over,"7,982.70","7,992.30","7,971.70","8,061.50","8,204.20","8,302.80","8,280.70","8,305.50","8,355.30","8,345.20","8,267.60","8,181.00","8,048.40","8,070.10","8,066.20","8,128.70","8,286.40","8,326.20","8,291.30","8,309.10","8,381.70","8,366.70","8,336.80","8,264.80","8,194.90","8,205.10","8,225.00","8,273.20","8,437.50","8,486.50","8,460.50","8,498.50","8,526.40","8,516.10","8,495.20","8,462.00","8,335.50","8,358.40","8,370.30","8,410.50","8,534.60","8,601.60","8,561.20","8,546.20","8,640.20","8,633.30","8,643.60","8,588.50","8,497.60","8,515.90","8,545.80","8,609.60","8,766.50","8,806.60","8,786.70","8,824.30","8,903.00","8,862.60","8,772.30","8,744.30","8,642.40","8,676.80"
Males,25 to 44 years,"3,955.90","3,948.90","3,946.80","3,996.30","4,069.80","4,110.70","4,104.20","4,114.40","4,115.20","4,114.10","4,090.40","4,054.80","3,980.90","3,956.40","3,971.80","4,016.50","4,096.70","4,125.90","4,133.40","4,132.10","4,161.00","4,154.70","4,144.70","4,113.00","4,088.00","4,079.80","4,099.70","4,119.20","4,213.60","4,231.20","4,226.40","4,217.10","4,213.80","4,214.30","4,222.40","4,202.40","4,167.10","4,180.20","4,185.80","4,220.90","4,287.80","4,339.10","4,325.90","4,324.40","4,351.80","4,359.90","4,367.60","4,327.40","4,265.30","4,268.80","4,270.40","4,292.40","4,374.40","4,391.60","4,393.20","4,419.60","4,469.20","4,461.90","4,418.70","4,410.50","4,359.90","4,369.50"
Males,45 to 64 years,"3,612.30","3,629.10","3,616.00","3,646.10","3,707.90","3,753.00","3,747.70","3,752.00","3,790.20","3,761.70","3,715.30","3,683.80","3,632.10","3,661.40","3,653.10","3,677.10","3,749.80","3,753.90","3,713.70","3,735.70","3,767.60","3,763.80","3,739.00","3,695.80","3,659.20","3,653.70","3,666.40","3,684.20","3,744.70","3,773.60","3,756.30","3,792.30","3,803.10","3,796.50","3,776.70","3,756.10","3,668.20","3,682.80","3,689.40","3,694.40","3,747.80","3,771.30","3,752.90","3,750.70","3,800.80","3,787.80","3,785.20","3,766.00","3,720.70","3,728.40","3,741.00","3,770.00","3,854.90","3,866.10","3,854.80","3,847.80","3,872.50","3,816.80","3,786.10","3,756.30","3,717.50","3,743.70"
Males,45 years and over,"4,026.80","4,043.30","4,024.90","4,065.20","4,134.40","4,192.10","4,176.50","4,191.10","4,240.20","4,231.10","4,177.20","4,126.20","4,067.50","4,113.80","4,094.40","4,112.20","4,189.70","4,200.40","4,157.90","4,177.00","4,220.70","4,212.00","4,192.10","4,151.80","4,106.90","4,125.30","4,125.20","4,154.00","4,223.90","4,255.40","4,234.10","4,281.40","4,312.60","4,301.80","4,272.80","4,259.50","4,168.40","4,178.20","4,184.50","4,189.60","4,246.70","4,262.50","4,235.30","4,221.80","4,288.30","4,273.40","4,276.00","4,261.10","4,232.40","4,247.10","4,275.40","4,317.20","4,392.10","4,415.00","4,393.50","4,404.60","4,433.90","4,400.80","4,353.60","4,333.80","4,282.50","4,307.30"
Males,25 to 54 years,"6,090.30","6,072.80","6,053.50","6,110.20","6,210.50","6,264.30","6,265.80","6,280.20","6,297.40","6,287.00","6,240.90","6,164.50","6,067.00","6,056.80","6,068.70","6,126.00","6,219.50","6,256.80","6,239.10","6,244.30","6,272.70","6,272.20","6,261.80","6,201.20","6,152.80","6,126.90","6,166.20","6,191.70","6,318.30","6,351.10","6,341.20","6,345.30","6,331.30","6,333.30","6,339.90","6,302.10","6,227.80","6,235.50","6,219.60","6,270.80","6,343.90","6,389.80","6,366.70","6,362.80","6,414.30","6,417.90","6,426.70","6,373.40","6,294.50","6,300.10","6,309.80","6,344.60","6,466.50","6,479.60","6,481.10","6,501.40","6,557.50","6,511.90","6,455.90","6,434.30","6,355.20","6,380.10"
Males,55 years and over,"1,892.40","1,919.40","1,918.10","1,951.30","1,993.70","2,038.50","2,014.90","2,025.30","2,057.90","2,058.20","2,026.80","2,016.50","1,981.40","2,013.30","1,997.50","2,002.60","2,066.90","2,069.50","2,052.20","2,064.80","2,109.00","2,094.50","2,075.00","2,063.60","2,042.20","2,078.30","2,058.80","2,081.40","2,119.20","2,135.50","2,119.40","2,153.30","2,195.10","2,182.80","2,155.30","2,159.80","2,107.70","2,122.90","2,150.70","2,139.80","2,190.70","2,211.90","2,194.50","2,183.40","2,225.90","2,215.50","2,216.90","2,215.20","2,203.10","2,215.80","2,236.00","2,265.00","2,300.00","2,327.10","2,305.60","2,322.90","2,345.60","2,350.70","2,316.40","2,310.00","2,287.20","2,296.80"
Males,15 to 64 years,"8,714.90","8,726.20","8,713.10","8,796.00","9,080.70","9,221.00","9,277.90","9,281.60","9,104.70","9,063.10","8,981.10","8,898.70","8,737.40","8,732.20","8,736.20","8,815.20","9,117.70","9,187.50","9,217.70","9,248.60","9,124.70","9,131.40","9,070.90","8,995.10","8,871.80","8,874.60","8,904.00","8,940.40","9,245.50","9,352.30","9,404.20","9,414.90","9,219.70","9,223.20","9,222.90","9,162.20","8,979.30","9,005.50","9,039.40","9,069.30","9,332.50","9,464.30","9,509.00","9,483.30","9,364.40","9,338.30","9,353.10","9,271.00","9,140.20","9,168.30","9,196.00","9,279.90","9,544.00","9,630.80","9,697.00","9,705.00","9,571.80","9,508.00","9,427.10","9,381.30","9,246.80","9,306.50"
Males,15 to 19 years,373.5,379.9,370.3,365.8,422.6,441.8,501.9,496.3,390.5,385.6,375.3,369.9,363.2,360.7,352.2,347.5,414,426.3,481.4,471.6,363.7,376.5,367.9,364.9,353.6,359.8,359.3,371,416.1,445.1,513.6,500.8,377.2,371.3,381,399.7,372.8,367.7,376.9,374.8,430.8,445,510.4,499.4,402.6,383.3,389.7,395.1,402.5,401.2,388.3,390.2,414.1,448.3,523.1,529.7,395,396.5,389.5,394.3,372.9,380.3
Males,20 to 24 years,773.3,768.2,780,787.8,880.4,915.5,924.1,918.9,808.9,801.6,800.2,790.2,761.1,753.7,759.1,774.2,857.2,881.4,889.2,909.1,832.4,836.5,819.3,821.4,771,781.3,778.6,766.1,871.2,902.4,907.8,904.5,825.6,841,842.8,804,771.1,774.7,787.3,779.2,866,908.8,919.9,908.7,809.2,807.3,810.7,782.5,751.7,769.9,796.3,827.3,900.6,924.8,925.9,907.9,835.1,833,832.8,820.1,796.4,813
Males,25 to 29 years,931.4,929.6,922.9,953.6,988.4,"1,003.10","1,009.20","1,018.00","1,016.80","1,008.90",989,968.8,950.6,935.7,952,967.9,"1,003.60","1,018.70","1,018.20","1,011.40","1,015.40",997,995.9,981.6,968,963,978,"1,002.90","1,036.90","1,047.40","1,039.80","1,043.20","1,033.20","1,035.70","1,038.60","1,028.20","1,028.50","1,022.00","1,017.60","1,043.10","1,063.60","1,087.90","1,084.20","1,076.40","1,080.10","1,081.60","1,088.80","1,077.80","1,060.70","1,053.80","1,056.90","1,060.60","1,086.70","1,079.30","1,077.80","1,105.40","1,111.10","1,099.00","1,083.90","1,078.80","1,052.80","1,058.10"
Males,30 to 34 years,"1,033.20","1,024.90","1,030.20","1,042.60","1,061.70","1,072.90","1,060.40","1,064.80","1,068.00","1,061.90","1,058.90","1,057.00","1,035.00","1,030.20","1,023.60","1,037.40","1,061.00","1,070.20","1,072.40","1,068.40","1,077.40","1,061.50","1,064.80","1,071.70","1,056.90","1,065.20","1,067.60","1,061.50","1,088.90","1,090.20","1,089.80","1,080.90","1,087.90","1,085.70","1,085.60","1,082.90","1,069.80","1,069.10","1,066.70","1,068.30","1,088.30","1,100.90","1,094.00","1,093.70","1,101.40","1,111.70","1,107.40","1,104.00","1,080.30","1,077.80","1,075.00","1,090.00","1,110.00","1,117.20","1,126.30","1,131.10","1,144.80","1,148.20","1,136.20","1,138.30","1,121.30","1,128.10"
Males,35 to 39 years,"1,001.00","1,001.60","1,003.00",999.5,"1,012.60","1,016.60","1,015.70","1,017.90","1,014.70","1,023.60","1,007.50",995.7,979.1,973.8,963,993.4,"1,011.00","1,028.80","1,029.00","1,048.00","1,058.60","1,078.70","1,069.10","1,049.60","1,051.30","1,032.00","1,028.90","1,020.50","1,061.40","1,067.90","1,062.10","1,059.60","1,077.20","1,085.40","1,091.00","1,078.00","1,079.80","1,083.80","1,089.40","1,088.80","1,092.50","1,097.70","1,087.20","1,092.80","1,101.00","1,105.10","1,128.90","1,116.40","1,117.90","1,132.90","1,102.40","1,097.40","1,122.60","1,128.20","1,119.60","1,115.10","1,134.10","1,129.80","1,127.90","1,128.20","1,110.40","1,127.00"
Males,40 to 44 years,990.2,992.8,990.6,"1,000.60","1,007.10","1,018.10","1,019.00","1,013.70","1,015.70","1,019.70","1,035.00","1,033.30","1,016.20","1,016.70","1,033.30","1,017.80","1,021.10","1,008.30","1,013.80","1,004.30","1,009.60","1,017.50","1,014.90","1,010.10","1,011.80","1,019.60","1,025.20","1,034.20","1,026.30","1,025.60","1,034.70","1,033.50","1,015.60","1,007.40","1,007.10","1,013.40",989,"1,005.40","1,012.10","1,020.70","1,043.50","1,052.60","1,060.40","1,061.50","1,069.30","1,061.50","1,042.50","1,029.30","1,006.40","1,004.40","1,036.10","1,044.40","1,055.20","1,066.90","1,069.40","1,068.00","1,079.20","1,084.80","1,070.70","1,065.20","1,075.30","1,056.30"
Males,45 to 49 years,"1,016.80","1,013.20","1,005.30","1,004.90","1,026.00","1,013.10","1,012.70",997.1,"1,018.60","1,032.20","1,009.40","1,005.70",998.8,"1,005.10",991.7,996.7,"1,013.70","1,016.10","1,009.60",989.7,989,996.3,974.5,979.2,982.4,985,996.8,"1,004.40","1,020.00","1,011.50","1,007.80","1,000.20",980.3,984.7,990,978.2,962.3,961.9,962.8,986.2,999.9,989.9,"1,006.60",995.4,996.4,979.5,999.8,995.5,987.7,997.2,"1,003.10","1,024.30","1,036.70","1,036.20","1,043.00","1,034.40","1,042.70","1,003.90",994.7,995.4,969,970.7
Males,50 to 54 years,"1,117.60","1,110.70","1,101.50","1,109.00","1,114.70","1,140.50","1,148.90","1,168.70","1,163.70","1,140.70","1,141.10","1,104.10","1,087.30","1,095.40","1,105.20","1,112.90","1,109.10","1,114.80","1,096.10","1,122.50","1,122.70","1,121.20","1,142.60","1,109.00","1,082.30","1,062.00","1,069.70","1,068.10","1,084.70","1,108.40","1,106.90","1,128.00","1,137.10","1,134.30","1,127.50","1,121.50","1,098.40","1,093.40","1,071.10","1,063.70","1,056.20","1,060.80","1,034.10","1,043.00","1,066.10","1,078.50","1,059.40","1,050.40","1,041.60","1,034.10","1,036.30","1,027.80","1,055.40","1,051.70","1,044.90","1,047.40","1,045.70","1,046.20","1,042.40","1,028.40","1,026.30","1,039.80"
Males,55 to 59 years,903.1,927.2,929.7,944.9,966.7,977.3,964.1,964.4,976.9,963.6,954,958.1,943.3,950.4,944.6,949.7,979.9,970.7,962.6,974.4,993.4,990.2,982.6,968.4,969.2,970.9,970,964.7,984,989.3,983.5,998.1,"1,010.80","1,017.90","1,001.60",996.9,961.9,968.3,971.4,976.2,999.2,"1,012.90","1,005.90","1,013.40","1,027.00","1,018.60","1,018.00","1,019.30","1,012.90","1,019.80","1,005.40","1,020.80","1,036.00","1,037.90","1,029.20","1,027.90","1,026.70","1,017.70","1,008.40",988.8,983.4,991.8
Males,60 to 64 years,574.8,578,579.6,587.3,600.6,622.1,622,621.8,631.1,625.3,610.8,616,602.8,610.6,611.5,617.8,647.1,652.3,645.4,649.1,662.6,656,639.3,639.2,625.2,635.7,630,646.9,655.9,664.4,658.1,666.1,674.8,659.6,657.6,659.5,645.6,659.3,684.1,668.3,692.6,707.8,706.2,699,711.4,711.2,708.1,700.7,678.6,677.3,696.2,697,726.8,740.2,737.7,738.2,757.5,749,740.5,743.7,738.7,741.4
Males,65 years and over,414.5,414.2,408.9,419,426.5,439.1,428.8,439.1,450,469.4,462,442.4,435.4,452.3,441.4,435.1,439.9,446.5,444.2,441.2,453.1,448.2,453,455.9,447.7,471.6,458.8,469.8,479.2,481.8,477.8,489,509.5,505.3,496.1,503.5,500.1,495.4,495.1,495.2,498.9,491.2,482.4,471.1,487.5,485.6,490.8,495.2,511.7,518.7,534.4,547.2,537.2,548.9,538.7,556.9,561.4,584,567.5,577.5,565,563.6
Males,65 to 69 years,258.5,267.6,264.7,271.8,280.3,282.8,272.2,276.1,281.8,294,287.5,277.9,272.7,289.7,282.2,272.1,283.7,285.4,281.3,279.3,285.6,292.9,290.7,291.6,279.6,297.2,293,300,305.8,307.5,301.1,305.2,314.7,309.9,298.6,299.5,294.6,290,280.6,278.1,290.2,295.3,289.5,281.6,300.5,297.6,300.4,296.8,299.7,303.5,316.2,326.7,324.1,333.4,329.3,339.5,336.5,350.4,332.5,342.2,334.6,332
Males,70 years and over,156.1,146.6,144.2,147.3,146.2,156.3,156.5,163,168.2,175.4,174.4,164.5,162.7,162.6,159.2,163,156.2,161.1,162.9,161.9,167.5,155.4,162.4,164.4,168.1,174.4,165.8,169.8,173.4,174.3,176.6,183.9,194.8,195.4,197.6,204,205.5,205.3,214.5,217.1,208.8,195.8,193,189.5,187.1,188.1,190.4,198.4,212,215.2,218.2,220.5,213.1,215.5,209.5,217.4,224.8,233.6,235,235.3,230.5,231.6
Females,15 years and over,"8,410.50","8,441.60","8,452.10","8,482.90","8,603.30","8,654.50","8,533.60","8,508.10","8,514.00","8,561.80","8,550.20","8,573.80","8,489.20","8,512.60","8,549.00","8,573.80","8,701.10","8,776.60","8,639.70","8,606.70","8,634.30","8,677.00","8,655.80","8,682.00","8,636.50","8,646.60","8,655.40","8,686.80","8,850.30","8,935.20","8,816.90","8,771.30","8,795.60","8,833.60","8,848.10","8,894.70","8,752.00","8,772.80","8,782.90","8,853.20","8,953.70","9,023.30","8,942.40","8,884.70","8,902.00","8,947.30","8,976.20","9,002.20","8,917.90","8,975.00","8,934.30","9,025.20","9,156.70","9,213.20","9,048.20","9,056.10","9,115.70","9,146.70","9,108.70","9,137.60","9,026.80","9,047.00"
Females,15 to 24 years,"1,171.90","1,175.90","1,179.30","1,182.10","1,257.90","1,319.10","1,390.50","1,363.20","1,188.50","1,217.90","1,192.40","1,198.30","1,147.00","1,153.40","1,168.90","1,166.00","1,233.60","1,310.30","1,362.80","1,328.50","1,154.60","1,179.20","1,174.80","1,185.30","1,152.70","1,135.30","1,147.80","1,155.60","1,277.60","1,315.40","1,398.50","1,328.60","1,154.90","1,188.90","1,194.00","1,206.30","1,149.70","1,146.40","1,158.30","1,157.80","1,241.30","1,298.70","1,383.50","1,349.90","1,152.20","1,166.70","1,161.20","1,163.10","1,146.30","1,165.10","1,169.70","1,188.20","1,287.20","1,335.00","1,400.30","1,407.70","1,217.30","1,231.70","1,222.60","1,231.50","1,190.20","1,204.80"
Females,25 years and over,"7,238.70","7,265.70","7,272.80","7,300.80","7,345.50","7,335.50","7,143.10","7,144.90","7,325.50","7,343.80","7,357.80","7,375.60","7,342.20","7,359.20","7,380.10","7,407.80","7,467.50","7,466.30","7,276.90","7,278.30","7,479.80","7,497.80","7,481.00","7,496.70","7,483.90","7,511.30","7,507.60","7,531.20","7,572.70","7,619.80","7,418.50","7,442.70","7,640.70","7,644.70","7,654.10","7,688.40","7,602.20","7,626.40","7,624.60","7,695.40","7,712.30","7,724.60","7,558.90","7,534.80","7,749.80","7,780.60","7,814.90","7,839.10","7,771.70","7,809.90","7,764.60","7,837.00","7,869.50","7,878.10","7,647.80","7,648.40","7,898.30","7,915.10","7,886.10","7,906.10","7,836.60","7,842.20"
Females,25 to 44 years,"3,671.30","3,669.40","3,644.00","3,670.80","3,705.50","3,695.80","3,612.60","3,619.00","3,692.10","3,677.70","3,707.00","3,733.80","3,710.00","3,701.80","3,733.50","3,745.50","3,775.30","3,771.50","3,692.20","3,705.40","3,777.00","3,795.20","3,798.50","3,822.10","3,823.80","3,851.20","3,857.80","3,862.60","3,872.80","3,884.00","3,773.10","3,780.30","3,849.10","3,862.30","3,860.50","3,890.70","3,845.80","3,859.60","3,882.60","3,917.20","3,933.40","3,949.20","3,884.00","3,874.60","3,973.50","3,973.10","4,004.90","4,021.80","4,002.90","4,026.80","3,983.70","4,035.10","4,047.10","4,061.20","3,940.90","3,931.70","4,035.20","4,060.60","4,072.10","4,088.30","4,059.90","4,069.10"
Females,45 to 64 years,"3,296.10","3,331.10","3,369.50","3,363.50","3,374.80","3,378.80","3,278.50","3,266.80","3,357.30","3,367.80","3,360.90","3,344.80","3,340.20","3,359.40","3,350.00","3,377.90","3,405.60","3,396.00","3,285.20","3,275.90","3,383.80","3,384.50","3,370.90","3,359.00","3,356.00","3,361.40","3,348.10","3,370.40","3,394.10","3,421.00","3,325.40","3,345.30","3,458.50","3,454.80","3,462.90","3,469.50","3,415.90","3,436.60","3,420.70","3,442.70","3,438.60","3,439.30","3,357.80","3,359.10","3,452.10","3,472.10","3,468.50","3,461.70","3,399.60","3,404.20","3,404.90","3,436.70","3,447.40","3,464.60","3,374.30","3,374.40","3,506.50","3,492.00","3,471.30","3,463.40","3,423.70","3,422.80"
Females,45 years and over,"3,567.40","3,596.30","3,628.80","3,630.00","3,640.00","3,639.70","3,530.40","3,525.90","3,633.40","3,666.20","3,650.80","3,641.80","3,632.20","3,657.40","3,646.70","3,662.30","3,692.20","3,694.80","3,584.70","3,572.80","3,702.80","3,702.50","3,682.50","3,674.60","3,660.10","3,660.10","3,649.80","3,668.60","3,699.90","3,735.80","3,645.30","3,662.50","3,791.70","3,782.40","3,793.60","3,797.70","3,756.40","3,766.80","3,742.00","3,778.20","3,779.00","3,775.40","3,675.00","3,660.10","3,776.30","3,807.50","3,810.00","3,817.20","3,768.80","3,783.10","3,780.90","3,802.00","3,822.40","3,816.90","3,707.00","3,716.70","3,863.10","3,854.50","3,814.00","3,817.80","3,776.70","3,773.10"
Females,25 to 54 years,"5,657.20","5,672.90","5,667.10","5,694.40","5,731.00","5,728.60","5,599.20","5,580.30","5,708.60","5,682.60","5,703.50","5,707.20","5,684.30","5,686.10","5,699.70","5,729.80","5,766.70","5,759.70","5,622.20","5,614.40","5,731.20","5,733.60","5,745.00","5,766.70","5,766.40","5,786.10","5,790.30","5,803.20","5,831.30","5,851.10","5,691.80","5,697.50","5,828.00","5,830.20","5,812.10","5,832.50","5,766.40","5,794.80","5,824.60","5,871.00","5,872.40","5,888.20","5,779.20","5,769.80","5,911.30","5,917.40","5,943.70","5,966.10","5,937.50","5,964.40","5,915.90","5,973.30","5,997.90","6,000.70","5,838.90","5,827.20","6,003.60","5,990.00","5,989.90","6,009.10","5,962.60","5,964.80"
Females,55 years and over,"1,581.50","1,592.80","1,605.70","1,606.50","1,614.50","1,606.90","1,543.80","1,564.60","1,616.90","1,661.30","1,654.30","1,668.40","1,657.90","1,673.10","1,680.50","1,678.00","1,700.70","1,706.60","1,654.70","1,663.90","1,748.50","1,764.20","1,736.00","1,730.00","1,717.40","1,725.20","1,717.30","1,728.00","1,741.40","1,768.70","1,726.60","1,745.30","1,812.70","1,814.50","1,842.10","1,855.90","1,835.80","1,831.50","1,800.00","1,824.40","1,840.00","1,836.40","1,779.70","1,765.00","1,838.50","1,863.20","1,871.20","1,873.00","1,834.20","1,845.60","1,848.70","1,863.80","1,871.60","1,877.40","1,809.00","1,821.10","1,894.70","1,925.10","1,896.30","1,897.10","1,874.00","1,877.40"
Females,15 to 64 years,"8,139.20","8,176.50","8,192.80","8,216.40","8,338.10","8,393.70","8,281.70","8,249.00","8,237.90","8,263.40","8,260.20","8,276.80","8,197.10","8,214.50","8,252.30","8,289.40","8,414.50","8,477.90","8,340.20","8,309.80","8,315.40","8,359.00","8,344.20","8,366.40","8,332.40","8,347.90","8,353.70","8,388.60","8,544.50","8,620.40","8,497.00","8,454.20","8,462.40","8,505.90","8,517.40","8,566.40","8,411.50","8,442.60","8,461.70","8,517.60","8,613.30","8,687.20","8,625.30","8,583.70","8,577.70","8,611.90","8,634.70","8,646.60","8,548.80","8,596.20","8,558.20","8,659.90","8,781.70","8,860.90","8,715.40","8,713.80","8,759.00","8,784.30","8,766.00","8,783.20","8,673.80","8,696.70"
Females,15 to 19 years,395.7,401.9,393,384.4,425.8,454.4,500.8,488.4,414.7,422.8,411.1,407,393.8,392.2,405,393.7,423.6,452.1,497.7,482.7,377.7,380.2,392.3,393.9,385.7,373.4,380.7,379.8,439.9,447.5,514,477.1,398.2,418.2,412.1,420,390.3,394.9,393.5,398.5,437.2,457.2,516.2,482.7,385.9,393.9,395.9,403.7,389.1,401.4,394.8,412.5,443.6,464.1,532.8,509.2,421.7,418.1,402.4,416.7,405.7,410.5
Females,20 to 24 years,776.2,774.1,786.3,797.6,832.1,864.6,889.8,874.8,773.7,795.1,781.3,791.3,753.2,761.2,763.8,772.3,810,858.2,865.1,845.7,776.8,799,782.5,791.4,767,762,767,775.8,837.7,867.9,884.4,851.4,756.7,770.7,781.8,786.3,759.4,751.5,764.8,759.3,804.2,841.5,867.3,867.2,766.2,772.8,765.3,759.5,757.1,763.7,774.9,775.7,843.6,870.9,867.5,898.5,795.6,813.6,820.2,814.8,784.5,794.3
Females,25 to 29 years,902.8,901.9,886.8,904.6,929.1,934.7,907.6,914.8,918.5,888.6,895.6,909.2,903.2,921.1,950.1,949.5,958.7,970.8,942.7,940.6,957.8,954.2,950.9,959.3,951.4,957.1,959.7,958.6,972.6,981.5,961.8,966,971.5,968.2,969.3,974.4,966.9,987.9,995.2,"1,006.70",998.4,"1,011.80","1,019.50","1,007.80","1,007.30","1,006.40","1,025.00","1,027.80","1,022.80","1,026.10","1,011.80","1,031.40","1,041.80","1,041.70","1,028.40","1,022.00","1,029.30","1,036.90","1,029.10","1,055.20","1,023.70","1,024.50"
Females,30 to 34 years,946.4,941.9,939.3,941,947.5,929.1,914,905.7,936,950.1,958.2,948.5,952.5,945,944.9,952.3,971.6,956.8,943,948.9,956.9,969.9,965.5,977.6,983.2,992.5,992.9,986,982.2,992.1,959.7,955.2,979.4,984,985.8,991.5,974.8,963.6,966.4,968.5,984,982.3,966.4,965.1,"1,008.20",998.3,"1,002.90","1,004.50",995.2,997,984.5,"1,000.90","1,006.60","1,012.70",979.3,973.9,"1,000.70","1,004.20","1,010.60","1,012.10","1,015.00","1,021.00"
Females,35 to 39 years,888.7,900.6,889.6,904.5,926,943.8,909,904.4,941,933.6,919.8,923.2,932.8,922.1,911.3,923,907.7,916.2,906.1,914.1,962.7,956.9,969.6,968.4,971.9,958.3,954.6,956,956.1,967.6,942,932.3,939.4,942.1,948.2,942,935.7,953.5,966.9,979.7,974.5,979.3,957.4,959.6,974.9,965.3,967.3,981.9,985.6,999.3,988.6,984.1,992.4,987.7,967.7,968.1,998.3,"1,003.70","1,021.70","1,027.80","1,021.60","1,028.70"
Females,40 to 44 years,933.3,925,928.3,920.8,903,888.1,882,894.2,896.7,905.4,933.3,952.9,921.5,913.6,927.1,920.7,937.3,927.8,900.3,901.9,899.7,914.2,912.5,916.9,917.3,943.3,950.7,962.1,961.9,942.8,909.7,926.8,958.8,968,957.2,982.8,968.4,954.6,954.1,962.2,976.5,975.8,940.6,942,983.1,"1,003.00","1,009.70","1,007.60",999.3,"1,004.40",998.9,"1,018.70","1,006.30","1,019.20",965.4,967.7,"1,006.80","1,015.70","1,010.70",993.1,999.6,994.9
Females,45 to 49 years,945.4,959.9,952.5,955.8,961.3,959.1,932.7,914.3,953.4,952.2,969.4,951.9,960.5,967.9,952.1,947.4,939.4,943.9,911.9,906.7,929.8,926.3,924.2,919,916.7,923,933.3,918,928.2,932.3,912.2,907.2,925.8,951.2,958.4,950.9,930.1,937.2,931.2,920.4,919.9,927.6,907.8,898.3,930,934.8,937.7,948.5,945.8,943.1,959.5,962.3,963.8,972.1,954,936.2,964.5,951.7,959.9,969.4,969.3,954.9
Females,50 to 54 years,"1,040.40","1,043.60","1,070.50","1,067.80","1,064.20","1,073.70","1,053.90","1,047.00","1,063.10","1,052.70","1,027.10","1,021.50","1,013.80","1,016.40","1,014.10","1,036.90","1,052.00","1,044.30","1,018.10","1,002.20","1,024.40","1,012.00","1,022.30","1,025.60","1,025.90","1,011.90",999.3,"1,022.50","1,030.30","1,034.70","1,006.40","1,010.00","1,053.10","1,016.70",993.1,991,990.5,998,"1,010.70","1,033.40","1,019.10","1,011.40",987.4,996.9,"1,007.80","1,009.60","1,001.10",995.7,988.8,994.5,972.7,975.9,986.9,967.4,944,959.3,"1,003.90",977.7,957.8,951.4,933.4,940.8
Females,55 to 59 years,835.4,838.6,843.5,835.3,834,838.3,809.9,808.9,820.9,840.3,839.1,850.2,842.1,859.3,868.3,885.9,895.6,897.9,868.5,863.9,895.2,901.7,898.2,888.9,892.6,897.7,886.3,891.9,894.5,903.7,878.7,882.3,911.1,921.3,934.2,934.7,918.8,921.6,902.7,902.2,915.6,916.5,891.8,890.8,922,929,927,910.8,890.4,893.7,893.6,910.4,915.9,932,903.4,898.3,928.2,945.3,930.5,927.3,917.7,924.7
Females,60 to 64 years,474.8,489,502.9,504.7,515.3,507.7,482,496.6,519.9,522.6,525.2,521.2,523.7,515.7,515.5,507.7,518.5,509.9,486.6,503.1,534.3,544.5,526.2,525.5,520.8,528.8,529.3,538,541.1,550.2,528.1,545.8,568.4,565.5,577.1,593,576.5,579.7,576.1,586.6,584,583.8,570.8,573.2,592.4,598.7,602.7,606.6,574.6,573,579,588.1,580.7,593.2,572.8,580.5,609.9,617.3,623,615.3,603.3,602.3
Females,65 years and over,271.3,265.2,259.3,266.5,265.2,260.9,251.9,259.1,276.1,298.4,290,297,292,298,296.7,284.4,286.6,298.8,299.5,296.9,319,318,311.7,315.6,304.1,298.7,301.7,298.2,305.8,314.8,319.9,317.1,333.2,327.6,330.7,328.3,340.5,330.2,321.2,335.5,340.4,336.1,317.1,301,324.2,335.4,341.5,355.6,369.1,378.9,376.1,365.3,375,352.3,332.7,342.3,356.6,362.5,342.7,354.5,353,350.3
Females,65 to 69 years,186.6,178,175.7,179.7,180.8,180,169.4,179.2,194.9,207.5,202.5,202.5,198.7,204.5,195,193.4,192.4,201.5,192.2,190.2,209.2,209.6,203.7,205,201.7,192,199.3,199,200,206.3,208.6,211.5,213.6,207.8,214.2,211.8,218.2,205.8,205.2,216.1,220.4,221.5,211.3,197,207.5,218,218.1,228.7,239.2,249.6,249.5,245.3,254.6,237,221.4,225.5,242.1,240.8,226.8,238.4,237.4,234.9
Females,70 years and over,84.7,87.2,83.6,86.8,84.4,80.9,82.6,79.9,81.2,90.8,87.5,94.5,93.3,93.5,101.6,91.1,94.2,97.3,107.3,106.7,109.7,108.4,107.9,110.6,102.4,106.8,102.4,99.1,105.8,108.5,111.3,105.6,119.6,119.8,116.5,116.5,122.3,124.3,116,119.5,120,114.6,105.8,104.1,116.8,117.4,123.4,126.9,129.9,129.2,126.6,120,120.4,115.3,111.4,116.7,114.6,121.6,116,116.1,115.6,115.4
